topic,x,y,prevalence,top_terms
T1,0.7557742029863409,-0.022491751883012546,0.22284139581887144,"data, clinical, language, medical, health"
T2,0.5441216701476257,0.47371630349527316,0.20016823864396155,"research, models, llms, framework, potential"
T3,-0.040599344543126296,0.8380086273845907,0.09259267626586148,"genetic, patients, clinical, study, drug"
T4,-0.6550401194863718,0.48376179312462875,0.13330992500458413,"learning, images, model, cancer, image"
T5,-0.8144270552640405,-0.256599093260675,0.07347668730412243,"variants, rna, disease, dna, genetic"
T6,-0.05443741873158014,-0.06004843152257389,0.0678672833879233,"genetic, testing, cancer, risk, study"
T7,-0.2625137590410591,-0.7959045021328391,0.13880035130679969,"models, model, trained, biological, fine"
T8,0.5271218239322112,-0.660442945205392,0.07094344226787594,"medical, performance, chatgpt, questions, blocks"
